Timestamp,Source Floor,Destination Floor
1716651624109000,3,7
1716651624109000,3,7
1716651624109000,1,10
1716651624229000,3,7
1716651624229000,3,7
1716651624229000,1,10
1716651624309000,3,7
1716651624309000,3,7
1716651624309000,1,10
1716651624349000,3,7
1716651624349000,3,7
1716651624349000,1,10
1716651624389000,3,7
1716651624389000,3,7
1716651624389000,1,10
1716651624429000,3,7
1716651624429000,3,7
1716651624429000,1,10
1716651624469000,3,7
1716651624469000,3,7
1716651624469000,1,10
1716651624509000,3,7
1716651624509000,3,7
1716651624509000,1,10
1716651624589000,3,7
1716651624589000,3,7
1716651624589000,1,10
1716651624629000,3,7
1716651624629000,3,7
1716651624629000,1,10
1716651624709000,3,7
1716651624709000,3,7
1716651624709000,1,10
1716651624709000,3,7
1716651624709000,1,10
1716651624709000,2,7
1716651624749000,3,7
1716651624749000,3,7
1716651624749000,1,10
1716651624749000,3,7
1716651624749000,1,10
1716651624749000,2,7
1716651624829000,3,7
1716651624829000,3,7
1716651624829000,1,10
1716651624829000,3,7
1716651624829000,1,10
1716651624829000,2,7
1716651624909000,3,7
1716651624909000,3,7
1716651624909000,1,10
1716651624909000,3,7
1716651624909000,1,10
1716651624909000,2,7
1716651624949000,1,10
1716651624949000,1,10
1716651624949000,2,7
1716651624989000,3,7
1716651624989000,3,7
1716651624989000,1,10
1716651624989000,3,7
1716651624989000,1,10
1716651624989000,2,7
1716651625069000,1,10
1716651625069000,1,10
1716651625069000,2,7
1716651625109000,1,10
1716651625109000,1,10
1716651625109000,2,7
1716651625189000,1,10
1716651625189000,1,10
1716651625189000,2,7
1716651625229000,1,10
1716651625229000,1,10
1716651625229000,2,7
1716651625269000,1,10
1716651625269000,1,10
1716651625269000,2,7
1716651625309000,1,10
1716651625309000,1,10
1716651625309000,2,7
1716651625349000,1,10
1716651625349000,1,10
1716651625349000,2,7
1716651625429000,1,10
1716651625429000,1,10
1716651625429000,2,7
1716651625469000,1,10
1716651625469000,1,10
1716651625469000,2,7
1716651625549000,1,10
1716651625549000,1,10
1716651625549000,2,7
1716651625629000,1,10
1716651625629000,1,10
1716651625629000,2,7
1716651625709000,1,10
1716651625709000,1,10
1716651625709000,2,7
1716651625749000,1,10
1716651625749000,1,10
1716651625749000,2,7
1716651625789000,1,10
1716651625789000,1,10
1716651625789000,2,7
1716651625829000,1,10
1716651625829000,1,10
1716651625829000,2,7
1716651625869000,1,10
1716651625869000,1,10
1716651625869000,2,7
1716651625949000,1,10
1716651625949000,1,10
1716651625949000,2,7
1716651625989000,1,10
1716651625989000,1,10
1716651625989000,2,7
1716651625909000,1,10
1716651625909000,1,10
1716651625909000,2,7
1716651626029000,1,10
1716651626029000,1,10
1716651626029000,2,7
1716651626109000,1,10
1716651626109000,1,10
1716651626109000,2,7
1716651626149000,1,10
1716651626149000,1,10
1716651626149000,2,7
1716651626189000,1,10
1716651626189000,1,10
1716651626189000,2,7
1716651626229000,1,10
1716651626229000,1,10
1716651626229000,2,7
1716651626269000,1,10
1716651626269000,1,10
1716651626269000,2,7
1716651626349000,1,10
1716651626349000,1,10
1716651626349000,2,7
1716651626429000,1,10
1716651626429000,1,10
1716651626429000,2,7
1716651626469000,1,10
1716651626469000,1,10
1716651626469000,2,7
1716651626549000,1,10
1716651626549000,1,10
1716651626549000,2,7
1716651626589000,1,10
1716651626589000,1,10
1716651626589000,2,7
1716651626509000,1,10
1716651626509000,1,10
1716651626509000,2,7
1716651626669000,1,10
1716651626669000,1,10
1716651626669000,2,7
1716651626629000,1,10
1716651626629000,1,10
1716651626629000,2,7
1716651626709000,1,10
1716651626709000,1,10
1716651626709000,2,7
1716651626389000,1,10
1716651626389000,1,10
1716651626389000,2,7
1716651626749000,1,10
1716651626749000,1,10
1716651626749000,2,7
1716651626829000,1,10
1716651626829000,1,10
1716651626829000,2,7
1716651626869000,1,10
1716651626869000,1,10
1716651626869000,2,7
1716651626949000,1,10
1716651626949000,1,10
1716651626949000,2,7
1716651626989000,1,10
1716651626989000,1,10
1716651626989000,2,7
1716651627029000,1,10
1716651627029000,1,10
1716651627029000,2,7
1716651627069000,1,10
1716651627069000,1,10
1716651627069000,2,7
1716651627149000,1,10
1716651627149000,1,10
1716651627149000,2,7
1716651627189000,1,10
1716651627189000,1,10
1716651627189000,2,7
1716651627229000,1,10
1716651627229000,1,10
1716651627229000,2,7
1716651627109000,1,10
1716651627109000,1,10
1716651627109000,2,7
1716651627309000,1,10
1716651627309000,1,10
1716651627309000,2,7
1716651627349000,1,10
1716651627349000,1,10
1716651627349000,2,7
1716651627269000,1,10
1716651627269000,1,10
1716651627269000,2,7
1716651627389000,1,10
1716651627389000,1,10
1716651627389000,2,7
1716651627429000,1,10
1716651627429000,1,10
1716651627429000,2,7
1716651627509000,1,10
1716651627509000,1,10
1716651627509000,2,7
1716651627549000,1,10
1716651627549000,1,10
1716651627549000,2,7
1716651627589000,1,10
1716651627589000,1,10
1716651627589000,2,7
1716651627629000,1,10
1716651627629000,1,10
1716651627629000,2,7
1716651627709000,1,10
1716651627709000,1,10
1716651627709000,2,7
1716651627749000,1,10
1716651627749000,1,10
1716651627749000,2,7
1716651627789000,1,10
1716651627789000,1,10
1716651627789000,2,7
1716651627829000,1,10
1716651627829000,1,10
1716651627829000,2,7
1716651627869000,1,10
1716651627869000,1,10
1716651627869000,2,7
1716651627909000,1,10
1716651627909000,1,10
1716651627909000,2,7
1716651627949000,1,10
1716651627949000,1,10
1716651627949000,2,7
1716651628029000,1,10
1716651628029000,1,10
1716651628029000,2,7
1716651627989000,1,10
1716651627989000,1,10
1716651627989000,2,7
1716651628109000,1,10
1716651628109000,1,10
1716651628109000,2,7
1716651628069000,1,10
1716651628069000,1,10
1716651628069000,2,7
1716651628189000,1,10
1716651628189000,1,10
1716651628189000,2,7
1716651628149000,1,10
1716651628149000,1,10
1716651628149000,2,7
1716651628247511,3,9
1716651628247511,3,9
1716651628247511,1,10
1716651628247511,3,9
1716651628247511,1,10
1716651628247511,2,7
1716651628287511,1,10
1716651628287511,1,10
1716651628287511,2,7
1716651628367511,3,9
1716651628367511,3,9
1716651628367511,1,10
1716651628367511,3,9
1716651628367511,1,10
1716651628367511,2,7
1716651628407511,3,9
1716651628407511,3,9
1716651628407511,1,10
1716651628407511,3,9
1716651628407511,1,10
1716651628407511,2,7
1716651628447511,3,9
1716651628447511,3,9
1716651628447511,1,10
1716651628447511,3,9
1716651628447511,1,10
1716651628447511,2,7
1716651628487511,3,9
1716651628487511,3,9
1716651628487511,1,10
1716651628487511,3,9
1716651628487511,1,10
1716651628487511,2,7
1716651628527511,3,9
1716651628527511,3,9
1716651628527511,1,10
1716651628527511,3,9
1716651628527511,1,10
1716651628527511,2,7
1716651628567511,3,9
1716651628567511,3,9
1716651628567511,1,10
1716651628567511,3,9
1716651628567511,1,10
1716651628567511,2,7
1716651628647511,3,9
1716651628647511,3,9
1716651628647511,1,10
1716651628647511,3,9
1716651628647511,1,10
1716651628647511,7,10
1716651628647511,3,9
1716651628647511,1,10
1716651628647511,7,10
1716651628647511,2,7
1716651628687511,3,9
1716651628687511,3,9
1716651628687511,1,10
1716651628687511,3,9
1716651628687511,1,10
1716651628687511,7,10
1716651628687511,3,9
1716651628687511,1,10
1716651628687511,7,10
1716651628687511,2,7
1716651628727511,3,9
1716651628727511,3,9
1716651628727511,1,10
1716651628727511,3,9
1716651628727511,1,10
1716651628727511,7,10
1716651628727511,3,9
1716651628727511,1,10
1716651628727511,7,10
1716651628727511,2,7
1716651628767511,3,9
1716651628767511,3,9
1716651628767511,1,10
1716651628767511,3,9
1716651628767511,1,10
1716651628767511,7,10
1716651628767511,3,9
1716651628767511,1,10
1716651628767511,7,10
1716651628767511,2,7
1716651628847511,3,9
1716651628847511,3,9
1716651628847511,1,10
1716651628847511,3,9
1716651628847511,1,10
1716651628847511,7,10
1716651628847511,3,9
1716651628847511,1,10
1716651628847511,7,10
1716651628847511,2,7
1716651628927511,3,9
1716651628927511,3,9
1716651628927511,1,10
1716651628927511,3,9
1716651628927511,1,10
1716651628927511,2,7
1716651628887511,3,9
1716651628887511,3,9
1716651628887511,1,10
1716651628887511,3,9
1716651628887511,1,10
1716651628887511,7,10
1716651628887511,3,9
1716651628887511,1,10
1716651628887511,7,10
1716651628887511,2,7
1716651628967511,3,9
1716651628967511,3,9
1716651628967511,1,10
1716651628967511,3,9
1716651628967511,1,10
1716651628967511,7,10
1716651628967511,3,9
1716651628967511,1,10
1716651628967511,7,10
1716651628967511,2,7
1716651629047511,3,9
1716651629047511,3,9
1716651629047511,1,10
1716651629047511,3,9
1716651629047511,1,10
1716651629047511,7,10
1716651629047511,3,9
1716651629047511,1,10
1716651629047511,7,10
1716651629047511,2,7
1716651629087511,3,9
1716651629087511,3,9
1716651629087511,1,10
1716651629087511,3,9
1716651629087511,1,10
1716651629087511,7,10
1716651629087511,3,9
1716651629087511,1,10
1716651629087511,7,10
1716651629087511,2,7
1716651629127511,3,9
1716651629127511,3,9
1716651629127511,1,10
1716651629127511,3,9
1716651629127511,1,10
1716651629127511,7,10
1716651629127511,3,9
1716651629127511,1,10
1716651629127511,7,10
1716651629127511,2,7
1716651629167511,3,9
1716651629167511,3,9
1716651629167511,1,10
1716651629167511,3,9
1716651629167511,1,10
1716651629167511,7,10
1716651629167511,3,9
1716651629167511,1,10
1716651629167511,7,10
1716651629167511,2,7
1716651629247511,3,9
1716651629247511,3,9
1716651629247511,1,10
1716651629247511,3,9
1716651629247511,1,10
1716651629247511,7,10
1716651629247511,3,9
1716651629247511,1,10
1716651629247511,7,10
1716651629247511,2,7
1716651629287511,3,9
1716651629287511,3,9
1716651629287511,1,10
1716651629287511,3,9
1716651629287511,1,10
1716651629287511,7,10
1716651629287511,3,9
1716651629287511,1,10
1716651629287511,7,10
1716651629287511,2,7
1716651629367511,3,9
1716651629367511,3,9
1716651629367511,1,10
1716651629367511,3,9
1716651629367511,1,10
1716651629367511,7,10
1716651629367511,3,9
1716651629367511,1,10
1716651629367511,7,10
1716651629367511,2,7
1716651629407511,3,9
1716651629407511,3,9
1716651629407511,1,10
1716651629407511,3,9
1716651629407511,1,10
1716651629407511,7,10
1716651629407511,3,9
1716651629407511,1,10
1716651629407511,7,10
1716651629407511,2,7
1716651629447511,3,9
1716651629447511,3,9
1716651629447511,1,10
1716651629447511,3,9
1716651629447511,1,10
1716651629447511,7,10
1716651629447511,3,9
1716651629447511,1,10
1716651629447511,7,10
1716651629447511,2,7
1716651629487511,3,9
1716651629487511,3,9
1716651629487511,1,10
1716651629487511,3,9
1716651629487511,1,10
1716651629487511,7,10
1716651629487511,3,9
1716651629487511,1,10
1716651629487511,7,10
1716651629487511,2,7
1716651629567511,3,9
1716651629567511,3,9
1716651629567511,1,10
1716651629567511,3,9
1716651629567511,1,10
1716651629567511,7,10
1716651629567511,3,9
1716651629567511,1,10
1716651629567511,7,10
1716651629567511,2,7
1716651629607511,3,9
1716651629607511,3,9
1716651629607511,1,10
1716651629607511,3,9
1716651629607511,1,10
1716651629607511,2,7
1716651629687511,3,9
1716651629687511,3,9
1716651629687511,1,10
1716651629687511,3,9
1716651629687511,1,10
1716651629687511,2,7
1716651629727511,3,9
1716651629727511,3,9
1716651629727511,1,10
1716651629727511,3,9
1716651629727511,1,10
1716651629727511,2,7
1716651629767511,3,9
1716651629767511,3,9
1716651629767511,1,10
1716651629767511,3,9
1716651629767511,1,10
1716651629767511,2,7
1716651629807511,3,9
1716651629807511,3,9
1716651629807511,1,10
1716651629807511,3,9
1716651629807511,1,10
1716651629807511,2,7
1716651629847511,3,9
1716651629847511,3,9
1716651629847511,1,10
1716651629847511,3,9
1716651629847511,1,10
1716651629847511,2,7
1716651629887511,3,9
1716651629887511,3,9
1716651629887511,1,10
1716651629887511,3,9
1716651629887511,1,10
1716651629887511,2,7
1716651629647511,3,9
1716651629647511,3,9
1716651629647511,1,10
1716651629647511,3,9
1716651629647511,1,10
1716651629647511,2,7
1716651629967511,3,9
1716651629967511,3,9
1716651629967511,1,10
1716651629967511,3,9
1716651629967511,1,10
1716651629967511,2,7
1716651630047511,3,9
1716651630047511,3,9
1716651630047511,1,10
1716651630047511,3,9
1716651630047511,1,10
1716651630047511,2,7
1716651630087511,3,9
1716651630087511,3,9
1716651630087511,1,10
1716651630087511,3,9
1716651630087511,1,10
1716651630087511,2,7
1716651630127511,3,9
1716651630127511,3,9
1716651630127511,1,10
1716651630127511,3,9
1716651630127511,1,10
1716651630127511,2,7
1716651630207511,3,9
1716651630207511,3,9
1716651630207511,1,10
1716651630207511,3,9
1716651630207511,1,10
1716651630207511,2,7
1716651630247511,3,9
1716651630247511,3,9
1716651630247511,1,10
1716651630247511,3,9
1716651630247511,1,10
1716651630247511,2,7
1716651630287511,3,9
1716651630287511,3,9
1716651630287511,1,10
1716651630287511,3,9
1716651630287511,1,10
1716651630287511,2,7
1716651630367511,3,9
1716651630367511,3,9
1716651630367511,1,10
1716651630367511,3,9
1716651630367511,1,10
1716651630367511,2,7
1716651630407511,3,9
1716651630407511,3,9
1716651630407511,1,10
1716651630407511,3,9
1716651630407511,1,10
1716651630407511,2,7
1716651630487511,3,9
1716651630487511,3,9
1716651630487511,1,10
1716651630487511,3,9
1716651630487511,1,10
1716651630487511,2,7
1716651630567511,3,9
1716651630567511,3,9
1716651630567511,1,10
1716651630567511,3,9
1716651630567511,1,10
1716651630567511,2,7
1716651630607511,3,9
1716651630607511,3,9
1716651630607511,1,10
1716651630607511,3,9
1716651630607511,1,10
1716651630607511,2,7
1716651630687511,3,9
1716651630687511,3,9
1716651630687511,1,10
1716651630687511,3,9
1716651630687511,1,10
1716651630687511,2,7
1716651630727511,3,9
1716651630727511,3,9
1716651630727511,1,10
1716651630727511,3,9
1716651630727511,1,10
1716651630727511,2,7
1716651630767511,3,9
1716651630767511,3,9
1716651630767511,1,10
1716651630767511,3,9
1716651630767511,1,10
1716651630767511,2,7
1716651630807511,3,9
1716651630807511,3,9
1716651630807511,1,10
1716651630807511,3,9
1716651630807511,1,10
1716651630807511,2,7
1716651630847511,3,9
1716651630847511,3,9
1716651630847511,1,10
1716651630847511,3,9
1716651630847511,1,10
1716651630847511,2,7
1716651630967511,3,9
1716651630967511,3,9
1716651630967511,1,10
1716651630967511,3,9
1716651630967511,1,10
1716651630967511,2,7
1716651631007511,3,9
1716651631007511,3,9
1716651631007511,1,10
1716651631007511,3,9
1716651631007511,1,10
1716651631007511,2,7
1716651631087511,3,9
1716651631087511,3,9
1716651631087511,1,10
1716651631087511,3,9
1716651631087511,1,10
1716651631087511,2,7
1716651631127511,3,9
1716651631127511,3,9
1716651631127511,1,10
1716651631127511,3,9
1716651631127511,1,10
1716651631127511,2,7
1716651631167511,3,9
1716651631167511,3,9
1716651631167511,1,10
1716651631167511,3,9
1716651631167511,1,10
1716651631167511,2,7
1716651631207511,3,9
1716651631207511,3,9
1716651631207511,1,10
1716651631207511,3,9
1716651631207511,1,10
1716651631207511,2,7
1716651631247511,3,9
1716651631247511,3,9
1716651631247511,1,10
1716651631247511,3,9
1716651631247511,1,10
1716651631247511,2,7
1716651631327511,3,9
1716651631327511,3,9
1716651631327511,1,10
1716651631327511,3,9
1716651631327511,1,10
1716651631327511,2,7
1716651631367511,3,9
1716651631367511,3,9
1716651631367511,1,10
1716651631367511,3,9
1716651631367511,1,10
1716651631367511,2,7
1716651631407511,3,9
1716651631407511,3,9
1716651631407511,1,10
1716651631407511,3,9
1716651631407511,1,10
1716651631407511,2,7
1716651631447511,3,9
1716651631447511,3,9
1716651631447511,1,10
1716651631447511,3,9
1716651631447511,1,10
1716651631447511,2,7
1716651631449511,3,9
1716651631449511,3,9
1716651631449511,1,10
1716651631449511,3,9
1716651631449511,1,10
1716651631449511,2,7
1716651631451511,3,9
1716651631451511,3,9
1716651631451511,1,10
1716651631451511,3,9
1716651631451511,1,10
1716651631451511,2,7
1716651631452511,3,9
1716651631452511,3,9
1716651631452511,1,10
1716651631452511,3,9
1716651631452511,1,10
1716651631452511,2,7
1716651631450511,3,9
1716651631450511,3,9
1716651631450511,1,10
1716651631450511,3,9
1716651631450511,1,10
1716651631450511,2,7
1716651631453511,3,9
1716651631453511,3,9
1716651631453511,1,10
1716651631453511,3,9
1716651631453511,1,10
1716651631453511,2,7
1716651631482000,3,9
1716651631482000,3,9
1716651631482000,1,10
1716651631482000,3,9
1716651631482000,1,10
1716651631482000,2,7
1716651631522000,3,9
1716651631522000,3,9
1716651631522000,1,10
1716651631522000,3,9
1716651631522000,1,10
1716651631522000,7,10
1716651631522000,3,9
1716651631522000,1,10
1716651631522000,7,10
1716651631522000,2,7
1716651631562000,3,9
1716651631562000,3,9
1716651631562000,1,10
1716651631562000,3,9
1716651631562000,1,10
1716651631562000,2,7
1716651631602000,3,9
1716651631602000,3,9
1716651631602000,1,10
1716651631602000,3,9
1716651631602000,1,10
1716651631602000,2,7
1716651631642000,3,9
1716651631642000,3,9
1716651631642000,1,10
1716651631642000,3,9
1716651631642000,1,10
1716651631642000,2,7
1716651631682000,3,9
1716651631682000,3,9
1716651631682000,1,10
1716651631682000,3,9
1716651631682000,1,10
1716651631682000,7,10
1716651631682000,3,9
1716651631682000,1,10
1716651631682000,7,10
1716651631682000,2,7
1716651631722000,3,9
1716651631722000,3,9
1716651631722000,1,10
1716651631722000,3,9
1716651631722000,1,10
1716651631722000,2,7
1716651631762000,3,9
1716651631762000,3,9
1716651631762000,1,10
1716651631762000,3,9
1716651631762000,1,10
1716651631762000,2,7
1716651631842000,3,9
1716651631842000,3,9
1716651631842000,1,10
1716651631842000,3,9
1716651631842000,1,10
1716651631842000,7,10
1716651631842000,3,9
1716651631842000,1,10
1716651631842000,7,10
1716651631842000,2,7
1716651631802000,3,9
1716651631802000,3,9
1716651631802000,1,10
1716651631802000,3,9
1716651631802000,1,10
1716651631802000,7,10
1716651631802000,3,9
1716651631802000,1,10
1716651631802000,7,10
1716651631802000,2,7
1716651631882000,3,9
1716651631882000,3,9
1716651631882000,1,10
1716651631882000,3,9
1716651631882000,1,10
1716651631882000,7,10
1716651631882000,3,9
1716651631882000,1,10
1716651631882000,7,10
1716651631882000,2,7
1716651631962000,3,9
1716651631962000,3,9
1716651631962000,1,10
1716651631962000,3,9
1716651631962000,1,10
1716651631962000,2,7
1716651632002000,3,9
1716651632002000,3,9
1716651632002000,1,10
1716651632002000,3,9
1716651632002000,1,10
1716651632002000,2,7
1716651632042000,3,9
1716651632042000,3,9
1716651632042000,1,10
1716651632042000,3,9
1716651632042000,1,10
1716651632042000,2,7
1716651632082000,3,9
1716651632082000,3,9
1716651632082000,1,10
1716651632082000,3,9
1716651632082000,1,10
1716651632082000,2,7
1716651632122000,3,9
1716651632122000,3,9
1716651632122000,1,10
1716651632122000,3,9
1716651632122000,1,10
1716651632122000,2,7
1716651632202000,3,9
1716651632202000,3,9
1716651632202000,1,10
1716651632202000,3,9
1716651632202000,1,10
1716651632202000,2,7
1716651632242000,3,9
1716651632242000,3,9
1716651632242000,1,10
1716651632242000,3,9
1716651632242000,1,10
1716651632242000,2,7
1716651632322000,3,9
1716651632322000,3,9
1716651632322000,1,10
1716651632322000,3,9
1716651632322000,1,10
1716651632322000,2,7
1716651632362000,3,9
1716651632362000,3,9
1716651632362000,1,10
1716651632362000,3,9
1716651632362000,1,10
1716651632362000,2,7
1716651632402000,3,9
1716651632402000,3,9
1716651632402000,1,10
1716651632402000,3,9
1716651632402000,1,10
1716651632402000,2,7
1716651632442000,3,9
1716651632442000,3,9
1716651632442000,1,10
1716651632442000,3,9
1716651632442000,1,10
1716651632442000,2,7
1716651632482000,3,9
1716651632482000,3,9
1716651632482000,1,10
1716651632482000,3,9
1716651632482000,1,10
1716651632482000,2,7
1716651632522000,3,9
1716651632522000,3,9
1716651632522000,1,10
1716651632522000,3,9
1716651632522000,1,10
1716651632522000,2,7
1716651632562000,3,9
1716651632562000,3,9
1716651632562000,1,10
1716651632562000,3,9
1716651632562000,1,10
1716651632562000,2,7
1716651632602000,3,9
1716651632602000,3,9
1716651632602000,1,10
1716651632602000,3,9
1716651632602000,1,10
1716651632602000,2,7
1716651632642000,3,9
1716651632642000,3,9
1716651632642000,1,10
1716651632642000,3,9
1716651632642000,1,10
1716651632642000,2,7
1716651632722000,3,9
1716651632722000,3,9
1716651632722000,1,10
1716651632722000,3,9
1716651632722000,1,10
1716651632722000,2,7
1716651632802000,3,9
1716651632802000,3,9
1716651632802000,1,10
1716651632802000,3,9
1716651632802000,1,10
1716651632802000,2,7
1716651632842000,3,9
1716651632842000,3,9
1716651632842000,1,10
1716651632842000,3,9
1716651632842000,1,10
1716651632842000,2,7
1716651632882000,3,9
1716651632882000,3,9
1716651632882000,1,10
1716651632882000,3,9
1716651632882000,1,10
1716651632882000,2,7
1716651632762000,3,9
1716651632762000,3,9
1716651632762000,1,10
1716651632762000,3,9
1716651632762000,1,10
1716651632762000,2,7
1716651632962000,3,9
1716651632962000,3,9
1716651632962000,1,10
1716651632962000,3,9
1716651632962000,1,10
1716651632962000,2,7
1716651633002000,3,9
1716651633002000,3,9
1716651633002000,1,10
1716651633002000,3,9
1716651633002000,1,10
1716651633002000,2,7
1716651633082000,3,9
1716651633082000,3,9
1716651633082000,1,10
1716651633082000,3,9
1716651633082000,1,10
1716651633082000,2,7
1716651633122000,3,9
1716651633122000,3,9
1716651633122000,1,10
1716651633122000,3,9
1716651633122000,1,10
1716651633122000,2,7
1716651633162000,3,9
1716651633162000,3,9
1716651633162000,1,10
1716651633162000,3,9
1716651633162000,1,10
1716651633162000,2,7
1716651633242000,3,9
1716651633242000,3,9
1716651633242000,1,10
1716651633242000,3,9
1716651633242000,1,10
1716651633242000,2,7
1716651633202000,3,9
1716651633202000,3,9
1716651633202000,1,10
1716651633202000,3,9
1716651633202000,1,10
1716651633202000,2,7
1716651633322000,3,9
1716651633322000,3,9
1716651633322000,1,10
1716651633322000,3,9
1716651633322000,1,10
1716651633322000,2,7
1716651633402000,3,9
1716651633402000,3,9
1716651633402000,1,10
1716651633402000,3,9
1716651633402000,1,10
1716651633402000,2,7
1716651633442000,3,9
1716651633442000,3,9
1716651633442000,1,10
1716651633442000,3,9
1716651633442000,1,10
1716651633442000,2,7
1716651633522000,3,9
1716651633522000,3,9
1716651633522000,1,10
1716651633522000,3,9
1716651633522000,1,10
1716651633522000,2,7
1716651633562000,3,9
1716651633562000,3,9
1716651633562000,1,10
1716651633562000,3,9
1716651633562000,1,10
1716651633562000,2,7
1716651633602000,3,9
1716651633602000,3,9
1716651633602000,1,10
1716651633602000,3,9
1716651633602000,1,10
1716651633602000,7,10
1716651633602000,3,9
1716651633602000,1,10
1716651633602000,7,10
1716651633602000,2,7
1716651633682000,3,9
1716651633682000,3,9
1716651633682000,1,10
1716651633682000,3,9
1716651633682000,1,10
1716651633682000,2,7
1716651633722000,3,9
1716651633722000,3,9
1716651633722000,1,10
1716651633722000,3,9
1716651633722000,1,10
1716651633722000,2,7
1716651633762000,3,9
1716651633762000,3,9
1716651633762000,1,10
1716651633762000,3,9
1716651633762000,1,10
1716651633762000,2,7
1716651633802000,3,9
1716651633802000,3,9
1716651633802000,1,10
1716651633802000,3,9
1716651633802000,1,10
1716651633802000,2,7
1716651633882000,3,9
1716651633882000,3,9
1716651633882000,1,10
1716651633882000,3,9
1716651633882000,1,10
1716651633882000,2,7
1716651633922000,3,9
1716651633922000,3,9
1716651633922000,1,10
1716651633922000,3,9
1716651633922000,1,10
1716651633922000,2,7
1716651633962000,3,9
1716651633962000,3,9
1716651633962000,1,10
1716651633962000,3,9
1716651633962000,1,10
1716651633962000,2,7
1716651634002000,3,9
1716651634002000,3,9
1716651634002000,1,10
1716651634002000,3,9
1716651634002000,1,10
1716651634002000,2,7
1716651634082000,3,9
1716651634082000,3,9
1716651634082000,1,10
1716651634082000,3,9
1716651634082000,1,10
1716651634082000,2,7
1716651634122000,3,9
1716651634122000,3,9
1716651634122000,1,10
1716651634122000,3,9
1716651634122000,1,10
1716651634122000,2,7
1716651634162000,3,9
1716651634162000,3,9
1716651634162000,1,10
1716651634162000,3,9
1716651634162000,1,10
1716651634162000,2,7
1716651634202000,3,9
1716651634202000,3,9
1716651634202000,1,10
1716651634202000,3,9
1716651634202000,1,10
1716651634202000,7,10
1716651634202000,3,9
1716651634202000,1,10
1716651634202000,7,10
1716651634202000,2,7
1716651634282000,3,9
1716651634282000,3,9
1716651634282000,1,10
1716651634282000,3,9
1716651634282000,1,10
1716651634282000,2,7
1716651634322000,3,9
1716651634322000,3,9
1716651634322000,1,10
1716651634322000,3,9
1716651634322000,1,10
1716651634322000,2,7
1716651634242000,3,9
1716651634242000,3,9
1716651634242000,1,10
1716651634242000,3,9
1716651634242000,1,10
1716651634242000,2,7
1716651634042000,3,9
1716651634042000,3,9
1716651634042000,1,10
1716651634042000,3,9
1716651634042000,1,10
1716651634042000,2,7
1716651633842000,3,9
1716651633842000,3,9
1716651633842000,1,10
1716651633842000,3,9
1716651633842000,1,10
1716651633842000,2,7
1716651633642000,3,9
1716651633642000,3,9
1716651633642000,1,10
1716651633642000,3,9
1716651633642000,1,10
1716651633642000,2,7
1716651634402000,3,7
1716651634402000,3,7
1716651634402000,3,9
1716651634402000,3,7
1716651634402000,3,9
1716651634402000,1,10
1716651634402000,3,7
1716651634402000,3,9
1716651634402000,1,10
1716651634402000,2,7
1716651634562000,3,7
1716651634562000,3,7
1716651634562000,3,9
1716651634562000,3,7
1716651634562000,3,9
1716651634562000,1,10
1716651634562000,3,7
1716651634562000,3,9
1716651634562000,1,10
1716651634562000,2,7
1716651634682000,3,7
1716651634682000,3,7
1716651634682000,3,9
1716651634682000,3,7
1716651634682000,3,9
1716651634682000,1,10
1716651634682000,3,7
1716651634682000,3,9
1716651634682000,1,10
1716651634682000,2,7
1716651634722000,3,7
1716651634722000,3,7
1716651634722000,3,9
1716651634722000,3,7
1716651634722000,3,9
1716651634722000,1,10
1716651634722000,3,7
1716651634722000,3,9
1716651634722000,1,10
1716651634722000,2,7
1716651634762000,3,7
1716651634762000,3,7
1716651634762000,3,9
1716651634762000,3,7
1716651634762000,3,9
1716651634762000,1,10
1716651634762000,3,7
1716651634762000,3,9
1716651634762000,1,10
1716651634762000,2,7
1716651634802000,3,7
1716651634802000,3,7
1716651634802000,3,9
1716651634802000,3,7
1716651634802000,3,9
1716651634802000,1,10
1716651634802000,3,7
1716651634802000,3,9
1716651634802000,1,10
1716651634802000,2,7
1716651634842000,3,7
1716651634842000,3,7
1716651634842000,3,9
1716651634842000,3,7
1716651634842000,3,9
1716651634842000,1,10
1716651634842000,3,7
1716651634842000,3,9
1716651634842000,1,10
1716651634842000,2,7
1716651634882000,3,7
1716651634882000,3,7
1716651634882000,3,9
1716651634882000,3,7
1716651634882000,3,9
1716651634882000,1,10
1716651634882000,3,7
1716651634882000,3,9
1716651634882000,1,10
1716651634882000,2,7
1716651634922000,3,7
1716651634922000,3,7
1716651634922000,3,9
1716651634922000,3,7
1716651634922000,3,9
1716651634922000,1,10
1716651634922000,3,7
1716651634922000,3,9
1716651634922000,1,10
1716651634922000,2,7
1716651634962000,3,7
1716651634962000,3,7
1716651634962000,3,9
1716651634962000,3,7
1716651634962000,3,9
1716651634962000,1,10
1716651634962000,3,7
1716651634962000,3,9
1716651634962000,1,10
1716651634962000,2,7
1716651635042000,3,7
1716651635042000,3,7
1716651635042000,3,9
1716651635042000,3,7
1716651635042000,3,9
1716651635042000,1,10
1716651635042000,3,7
1716651635042000,3,9
1716651635042000,1,10
1716651635042000,2,7
1716651635002000,3,7
1716651635002000,3,7
1716651635002000,3,9
1716651635002000,3,7
1716651635002000,3,9
1716651635002000,1,10
1716651635002000,3,7
1716651635002000,3,9
1716651635002000,1,10
1716651635002000,2,7
1716651635122000,3,7
1716651635122000,3,7
1716651635122000,3,9
1716651635122000,3,7
1716651635122000,3,9
1716651635122000,1,10
1716651635122000,3,7
1716651635122000,3,9
1716651635122000,1,10
1716651635122000,2,7
1716651635162000,3,7
1716651635162000,3,7
1716651635162000,3,9
1716651635162000,3,7
1716651635162000,3,9
1716651635162000,1,10
1716651635162000,3,7
1716651635162000,3,9
1716651635162000,1,10
1716651635162000,7,10
1716651635162000,3,7
1716651635162000,3,9
1716651635162000,1,10
1716651635162000,7,10
1716651635162000,2,7
1716651635202000,3,7
1716651635202000,3,7
1716651635202000,3,9
1716651635202000,3,7
1716651635202000,3,9
1716651635202000,1,10
1716651635202000,3,7
1716651635202000,3,9
1716651635202000,1,10
1716651635202000,2,7
1716651635242000,3,7
1716651635242000,3,7
1716651635242000,3,9
1716651635242000,3,7
1716651635242000,3,9
1716651635242000,1,10
1716651635242000,3,7
1716651635242000,3,9
1716651635242000,1,10
1716651635242000,2,7
1716651635282000,3,7
1716651635282000,3,7
1716651635282000,3,9
1716651635282000,3,7
1716651635282000,3,9
1716651635282000,1,10
1716651635282000,3,7
1716651635282000,3,9
1716651635282000,1,10
1716651635282000,2,7
1716651635362000,3,7
1716651635362000,3,7
1716651635362000,3,9
1716651635362000,3,7
1716651635362000,3,9
1716651635362000,1,10
1716651635362000,3,7
1716651635362000,3,9
1716651635362000,1,10
1716651635362000,2,7
1716651635402000,3,7
1716651635402000,3,7
1716651635402000,3,9
1716651635402000,3,7
1716651635402000,3,9
1716651635402000,1,10
1716651635402000,3,7
1716651635402000,3,9
1716651635402000,1,10
1716651635402000,2,7
1716651635442000,3,7
1716651635442000,3,7
1716651635442000,3,9
1716651635442000,3,7
1716651635442000,3,9
1716651635442000,1,10
1716651635442000,3,7
1716651635442000,3,9
1716651635442000,1,10
1716651635442000,2,7
1716651635522000,3,7
1716651635522000,3,7
1716651635522000,3,9
1716651635522000,3,7
1716651635522000,3,9
1716651635522000,1,10
1716651635522000,3,7
1716651635522000,3,9
1716651635522000,1,10
1716651635522000,2,7
1716651635482000,3,7
1716651635482000,3,7
1716651635482000,3,9
1716651635482000,3,7
1716651635482000,3,9
1716651635482000,1,10
1716651635482000,3,7
1716651635482000,3,9
1716651635482000,1,10
1716651635482000,2,7
1716651635602000,3,7
1716651635602000,3,7
1716651635602000,3,9
1716651635602000,3,7
1716651635602000,3,9
1716651635602000,1,10
1716651635602000,3,7
1716651635602000,3,9
1716651635602000,1,10
1716651635602000,2,7
1716651635682000,3,7
1716651635682000,3,7
1716651635682000,3,9
1716651635682000,3,7
1716651635682000,3,9
1716651635682000,1,10
1716651635682000,3,7
1716651635682000,3,9
1716651635682000,1,10
1716651635682000,2,7
1716651635642000,3,7
1716651635642000,3,7
1716651635642000,3,9
1716651635642000,3,7
1716651635642000,3,9
1716651635642000,1,10
1716651635642000,3,7
1716651635642000,3,9
1716651635642000,1,10
1716651635642000,2,7
1716651635722000,3,9
1716651635722000,3,9
1716651635722000,1,10
1716651635722000,3,9
1716651635722000,1,10
1716651635722000,2,7
1716651635802000,3,9
1716651635802000,3,9
1716651635802000,1,10
1716651635802000,3,9
1716651635802000,1,10
1716651635802000,2,7
1716651635842000,3,9
1716651635842000,3,9
1716651635842000,1,10
1716651635842000,3,9
1716651635842000,1,10
1716651635842000,2,7
1716651635882000,3,9
1716651635882000,3,9
1716651635882000,1,10
1716651635882000,3,9
1716651635882000,1,10
1716651635882000,2,7
1716651635922000,3,9
1716651635922000,3,9
1716651635922000,1,10
1716651635922000,3,9
1716651635922000,1,10
1716651635922000,2,7
1716651635962000,3,9
1716651635962000,3,9
1716651635962000,1,10
1716651635962000,3,9
1716651635962000,1,10
1716651635962000,2,7
1716651636042000,3,9
1716651636042000,3,9
1716651636042000,1,10
1716651636042000,3,9
1716651636042000,1,10
1716651636042000,2,7
1716651636082000,3,9
1716651636082000,3,9
1716651636082000,1,10
1716651636082000,3,9
1716651636082000,1,10
1716651636082000,2,7
1716651636162000,3,9
1716651636162000,3,9
1716651636162000,1,10
1716651636162000,3,9
1716651636162000,1,10
1716651636162000,2,7
1716651636242000,3,9
1716651636242000,3,9
1716651636242000,1,10
1716651636242000,3,9
1716651636242000,1,10
1716651636242000,2,7
1716651636322000,3,9
1716651636322000,3,9
1716651636322000,1,10
1716651636322000,3,9
1716651636322000,1,10
1716651636322000,2,7
1716651636282000,3,9
1716651636282000,3,9
1716651636282000,1,10
1716651636282000,3,9
1716651636282000,1,10
1716651636282000,2,7
1716651636362000,3,9
1716651636362000,3,9
1716651636362000,1,10
1716651636362000,3,9
1716651636362000,1,10
1716651636362000,2,7
1716651636442000,3,9
1716651636442000,3,9
1716651636442000,1,10
1716651636442000,3,9
1716651636442000,1,10
1716651636442000,2,7
1716651636482000,3,9
1716651636482000,3,9
1716651636482000,1,10
1716651636482000,3,9
1716651636482000,1,10
1716651636482000,2,7
1716651636522000,3,9
1716651636522000,3,9
1716651636522000,1,10
1716651636522000,3,9
1716651636522000,1,10
1716651636522000,2,7
1716651636562000,3,9
1716651636562000,3,9
1716651636562000,1,10
1716651636562000,3,9
1716651636562000,1,10
1716651636562000,2,7
1716651636602000,3,9
1716651636602000,3,9
1716651636602000,1,10
1716651636602000,3,9
1716651636602000,1,10
1716651636602000,2,7
1716651636682000,3,9
1716651636682000,3,9
1716651636682000,1,10
1716651636682000,3,9
1716651636682000,1,10
1716651636682000,2,7
1716651636642000,3,9
1716651636642000,3,9
1716651636642000,1,10
1716651636642000,3,9
1716651636642000,1,10
1716651636642000,2,7
1716651636722000,3,9
1716651636722000,3,9
1716651636722000,1,10
1716651636722000,3,9
1716651636722000,1,10
1716651636722000,2,7
1716651636762000,3,9
1716651636762000,3,9
1716651636762000,1,10
1716651636762000,3,9
1716651636762000,1,10
1716651636762000,2,7
1716651636802000,3,9
1716651636802000,3,9
1716651636802000,1,10
1716651636802000,3,9
1716651636802000,1,10
1716651636802000,2,7
1716651636842000,3,9
1716651636842000,3,9
1716651636842000,1,10
1716651636842000,3,9
1716651636842000,1,10
1716651636842000,2,7
1716651636882000,3,9
1716651636882000,3,9
1716651636882000,1,10
1716651636882000,3,9
1716651636882000,1,10
1716651636882000,2,7
1716651636922000,3,9
1716651636922000,3,9
1716651636922000,1,10
1716651636922000,3,9
1716651636922000,1,10
1716651636922000,2,7
1716651636962000,3,9
1716651636962000,3,9
1716651636962000,1,10
1716651636962000,3,9
1716651636962000,1,10
1716651636962000,2,7
1716651637002000,1,10
1716651637002000,1,10
1716651637002000,2,7
1716651636402000,3,9
1716651636402000,3,9
1716651636402000,1,10
1716651636402000,3,9
1716651636402000,1,10
1716651636402000,2,7
1716651637082000,1,10
1716651637082000,1,10
1716651637082000,2,7
1716651637162000,3,9
1716651637162000,3,9
1716651637162000,1,10
1716651637162000,3,9
1716651637162000,1,10
1716651637162000,2,7
1716651637122000,3,9
1716651637122000,3,9
1716651637122000,1,10
1716651637122000,3,9
1716651637122000,1,10
1716651637122000,2,7
1716651637242000,3,9
1716651637242000,3,9
1716651637242000,1,10
1716651637242000,3,9
1716651637242000,1,10
1716651637242000,2,7
1716651637282000,3,9
1716651637282000,3,9
1716651637282000,1,10
1716651637282000,3,9
1716651637282000,1,10
1716651637282000,2,7
1716651637322000,3,9
1716651637322000,3,9
1716651637322000,1,10
1716651637322000,3,9
1716651637322000,1,10
1716651637322000,2,7
1716651637362000,3,7
1716651637362000,3,7
1716651637362000,1,10
1716651637362000,3,7
1716651637362000,1,10
1716651637362000,2,7
1716651637402000,3,7
1716651637402000,3,7
1716651637402000,3,9
1716651637402000,3,7
1716651637402000,3,9
1716651637402000,1,10
1716651637402000,3,7
1716651637402000,3,9
1716651637402000,1,10
1716651637402000,2,7
1716651637442000,3,7
1716651637442000,3,7
1716651637442000,3,9
1716651637442000,3,7
1716651637442000,3,9
1716651637442000,1,10
1716651637442000,3,7
1716651637442000,3,9
1716651637442000,1,10
1716651637442000,2,7
1716651637482000,3,7
1716651637482000,3,7
1716651637482000,3,9
1716651637482000,3,7
1716651637482000,3,9
1716651637482000,1,10
1716651637482000,3,7
1716651637482000,3,9
1716651637482000,1,10
1716651637482000,2,7
1716651637562000,3,7
1716651637562000,3,7
1716651637562000,1,10
1716651637562000,3,7
1716651637562000,1,10
1716651637562000,2,7
1716651637602000,3,7
1716651637602000,3,7
1716651637602000,3,9
1716651637602000,3,7
1716651637602000,3,9
1716651637602000,1,10
1716651637602000,3,7
1716651637602000,3,9
1716651637602000,1,10
1716651637602000,2,7
1716651637722000,3,7
1716651637722000,3,7
1716651637722000,1,10
1716651637722000,3,7
1716651637722000,1,10
1716651637722000,2,7
1716651637762000,1,10
1716651637762000,1,10
1716651637762000,2,7
1716651637842000,1,10
1716651637842000,1,10
1716651637842000,2,7
1716651637882000,1,10
1716651637882000,1,10
1716651637882000,2,7
1716651637922000,3,7
1716651637922000,3,7
1716651637922000,1,10
1716651637922000,3,7
1716651637922000,1,10
1716651637922000,2,7
1716651637962000,3,7
1716651637962000,3,7
1716651637962000,1,10
1716651637962000,3,7
1716651637962000,1,10
1716651637962000,2,7
1716651638002000,3,7
1716651638002000,3,7
1716651638002000,1,10
1716651638002000,3,7
1716651638002000,1,10
1716651638002000,2,7
1716651638082000,3,7
1716651638082000,3,7
1716651638082000,1,10
1716651638082000,3,7
1716651638082000,1,10
1716651638082000,2,7
1716651638162000,3,7
1716651638162000,3,7
1716651638162000,3,9
1716651638162000,3,7
1716651638162000,3,9
1716651638162000,1,10
1716651638162000,3,7
1716651638162000,3,9
1716651638162000,1,10
1716651638162000,2,7
1716651638242000,3,7
1716651638242000,3,7
1716651638242000,3,9
1716651638242000,3,7
1716651638242000,3,9
1716651638242000,1,10
1716651638242000,3,7
1716651638242000,3,9
1716651638242000,1,10
1716651638242000,2,7
1716651638282000,3,7
1716651638282000,3,7
1716651638282000,3,9
1716651638282000,3,7
1716651638282000,3,9
1716651638282000,1,10
1716651638282000,3,7
1716651638282000,3,9
1716651638282000,1,10
1716651638282000,2,7
1716651638362000,3,7
1716651638362000,3,7
1716651638362000,1,10
1716651638362000,3,7
1716651638362000,1,10
1716651638362000,2,7
1716651638402000,3,7
1716651638402000,3,7
1716651638402000,1,10
1716651638402000,3,7
1716651638402000,1,10
1716651638402000,2,7
1716651638482000,3,7
1716651638482000,3,7
1716651638482000,1,10
1716651638482000,3,7
1716651638482000,1,10
1716651638482000,2,7
1716651638522000,3,7
1716651638522000,3,7
1716651638522000,1,10
1716651638522000,3,7
1716651638522000,1,10
1716651638522000,2,7
1716651638562000,3,7
1716651638562000,3,7
1716651638562000,1,10
1716651638562000,3,7
1716651638562000,1,10
1716651638562000,2,7
1716651638602000,3,7
1716651638602000,3,7
1716651638602000,1,10
1716651638602000,3,7
1716651638602000,1,10
1716651638602000,2,7
1716651638642000,3,7
1716651638642000,3,7
1716651638642000,1,10
1716651638642000,3,7
1716651638642000,1,10
1716651638642000,2,7
1716651638682000,3,7
1716651638682000,3,7
1716651638682000,1,10
1716651638682000,3,7
1716651638682000,1,10
1716651638682000,2,7
1716651638722000,1,10
1716651638722000,1,10
1716651638722000,2,7
1716651638762000,3,7
1716651638762000,3,7
1716651638762000,1,10
1716651638762000,3,7
1716651638762000,1,10
1716651638762000,2,7
1716651638802000,3,7
1716651638802000,3,7
1716651638802000,1,10
1716651638802000,3,7
1716651638802000,1,10
1716651638802000,2,7
1716651638882000,3,7
1716651638882000,3,7
1716651638882000,1,10
1716651638882000,3,7
1716651638882000,1,10
1716651638882000,2,7
1716651638922000,3,7
1716651638922000,3,7
1716651638922000,1,10
1716651638922000,3,7
1716651638922000,1,10
1716651638922000,2,7
1716651638962000,3,7
1716651638962000,3,7
1716651638962000,1,10
1716651638962000,3,7
1716651638962000,1,10
1716651638962000,2,7
1716651638842000,3,7
1716651638842000,3,7
1716651638842000,1,10
1716651638842000,3,7
1716651638842000,1,10
1716651638842000,2,7
1716651639082000,3,7
1716651639082000,3,7
1716651639082000,1,10
1716651639082000,3,7
1716651639082000,1,10
1716651639082000,2,7
1716651639162000,3,7
1716651639162000,3,7
1716651639162000,1,10
1716651639162000,3,7
1716651639162000,1,10
1716651639162000,2,7
1716651639242000,3,7
1716651639242000,3,7
1716651639242000,1,10
1716651639242000,3,7
1716651639242000,1,10
1716651639242000,2,7
1716651639282000,3,7
1716651639282000,3,7
1716651639282000,1,10
1716651639282000,3,7
1716651639282000,1,10
1716651639282000,2,7
1716651639322000,3,7
1716651639322000,3,7
1716651639322000,1,10
1716651639322000,3,7
1716651639322000,1,10
1716651639322000,2,7
1716651639402000,3,7
1716651639402000,3,7
1716651639402000,1,10
1716651639402000,3,7
1716651639402000,1,10
1716651639402000,2,7
1716651639482000,3,7
1716651639482000,3,7
1716651639482000,1,10
1716651639482000,3,7
1716651639482000,1,10
1716651639482000,2,7
1716651639522000,3,7
1716651639522000,3,7
1716651639522000,1,10
1716651639522000,3,7
1716651639522000,1,10
1716651639522000,2,7
1716651639562000,3,7
1716651639562000,3,7
1716651639562000,1,10
1716651639562000,3,7
1716651639562000,1,10
1716651639562000,2,7
1716651639562000,3,7
1716651639562000,1,10
1716651639562000,2,7
1716651639642000,3,7
1716651639642000,3,7
1716651639642000,1,10
1716651639642000,3,7
1716651639642000,1,10
1716651639642000,2,7
1716651639682000,3,7
1716651639682000,3,7
1716651639682000,1,10
1716651639682000,3,7
1716651639682000,1,10
1716651639682000,2,7
1716651639762000,3,7
1716651639762000,3,7
1716651639762000,1,10
1716651639762000,3,7
1716651639762000,1,10
1716651639762000,2,7
1716651639802000,3,7
1716651639802000,3,7
1716651639802000,1,10
1716651639802000,3,7
1716651639802000,1,10
1716651639802000,2,7
1716651639722000,3,7
1716651639722000,3,7
1716651639722000,1,10
1716651639722000,3,7
1716651639722000,1,10
1716651639722000,2,7
1716651639882000,3,7
1716651639882000,3,7
1716651639882000,1,10
1716651639882000,3,7
1716651639882000,1,10
1716651639882000,2,7
1716651639922000,3,7
1716651639922000,3,7
1716651639922000,1,10
1716651639922000,3,7
1716651639922000,1,10
1716651639922000,2,7
1716651639962000,3,7
1716651639962000,3,7
1716651639962000,1,10
1716651639962000,3,7
1716651639962000,1,10
1716651639962000,2,7
1716651640002000,3,7
1716651640002000,3,7
1716651640002000,1,10
1716651640002000,3,7
1716651640002000,1,10
1716651640002000,2,7
1716651640042000,3,7
1716651640042000,3,7
1716651640042000,1,10
1716651640042000,3,7
1716651640042000,1,10
1716651640042000,2,7
1716651640122000,3,7
1716651640122000,3,7
1716651640122000,1,10
1716651640122000,3,7
1716651640122000,1,10
1716651640122000,2,7
1716651640202000,3,7
1716651640202000,3,7
1716651640202000,1,10
1716651640202000,3,7
1716651640202000,1,10
1716651640202000,2,7
1716651640162000,3,7
1716651640162000,3,7
1716651640162000,1,10
1716651640162000,3,7
1716651640162000,1,10
1716651640162000,2,7
1716651640282000,3,7
1716651640282000,3,7
1716651640282000,1,10
1716651640282000,3,7
1716651640282000,1,10
1716651640282000,2,7
1716651640322000,3,7
1716651640322000,3,7
1716651640322000,1,10
1716651640322000,3,7
1716651640322000,1,10
1716651640322000,2,7
1716651640362000,3,7
1716651640362000,3,7
1716651640362000,1,10
1716651640362000,3,7
1716651640362000,1,10
1716651640362000,2,7
1716651640402000,3,7
1716651640402000,3,7
1716651640402000,1,10
1716651640402000,3,7
1716651640402000,1,10
1716651640402000,2,7
1716651640482000,3,7
1716651640482000,3,7
1716651640482000,1,10
1716651640482000,3,7
1716651640482000,1,10
1716651640482000,2,7
1716651640522000,3,7
1716651640522000,3,7
1716651640522000,1,10
1716651640522000,3,7
1716651640522000,1,10
1716651640522000,2,7
1716651640562000,3,7
1716651640562000,3,7
1716651640562000,1,10
1716651640562000,3,7
1716651640562000,1,10
1716651640562000,2,7
1716651640602000,3,7
1716651640602000,3,7
1716651640602000,1,10
1716651640682000,3,7
1716651640682000,3,7
1716651640682000,1,10
1716651640682000,3,7
1716651640682000,1,10
1716651640682000,2,7
1716651640722000,3,7
1716651640722000,3,7
1716651640722000,1,10
1716651640802000,3,7
1716651640802000,3,7
1716651640802000,1,10
1716651640802000,3,7
1716651640802000,1,10
1716651640802000,2,7
1716651640842000,3,7
1716651640842000,3,7
1716651640842000,1,10
1716651640842000,3,7
1716651640842000,1,10
1716651640842000,2,7
1716651640882000,3,7
1716651640882000,3,7
1716651640882000,1,10
1716651640882000,3,7
1716651640882000,1,10
1716651640882000,2,7
1716651640962000,3,7
1716651640962000,3,7
1716651640962000,1,10
1716651640962000,3,7
1716651640962000,1,10
1716651640962000,2,7
1716651641002000,3,7
1716651641002000,3,7
1716651641002000,1,10
1716651641002000,3,7
1716651641002000,1,10
1716651641002000,2,7
1716651641162000,3,7
1716651641162000,3,7
1716651641162000,1,10
1716651641162000,3,7
1716651641162000,1,10
1716651641162000,2,7
1716651641282000,3,7
1716651641282000,3,7
1716651641282000,1,10
1716651641282000,3,7
1716651641282000,1,10
1716651641282000,2,7
1716651641322000,3,7
1716651641322000,3,7
1716651641322000,1,10
1716651641322000,3,7
1716651641322000,1,10
1716651641322000,2,7
1716651641402000,3,7
1716651641402000,3,7
1716651641402000,1,10
1716651641442000,3,7
1716651641442000,3,7
1716651641442000,1,10
1716651641442000,3,7
1716651641442000,1,10
1716651641442000,2,7
1716651641602000,3,7
1716651641602000,3,7
1716651641602000,1,10
1716651641642000,3,7
1716651641642000,3,7
1716651641642000,1,10
1716651641682000,3,7
1716651641682000,3,7
1716651641682000,1,10
1716651641762000,3,7
1716651641762000,3,7
1716651641762000,1,10
1716651641802000,3,7
1716651641802000,3,7
1716651641802000,1,10
1716651641842000,3,7
1716651641842000,3,7
1716651641842000,1,10
1716651641882000,3,7
1716651641882000,3,7
1716651641882000,1,10
1716651641922000,3,7
1716651641922000,3,7
1716651641922000,1,10
1716651641962000,3,7
1716651641962000,3,7
1716651641962000,1,10
1716651642002000,3,7
1716651642002000,3,7
1716651642002000,1,10
1716651642042000,3,7
1716651642042000,3,7
1716651642042000,1,10
1716651642082000,3,7
1716651642082000,3,7
1716651642082000,1,10
1716651642122000,3,7
1716651642122000,3,7
1716651642122000,1,10
1716651642162000,3,7
1716651642162000,3,7
1716651642162000,1,10
1716651642202000,3,7
1716651642202000,3,7
1716651642202000,1,10
1716651642282000,3,7
1716651642282000,3,7
1716651642282000,1,10
1716651642322000,3,7
1716651642322000,3,7
1716651642322000,1,10
1716651642362000,3,7
1716651642362000,3,7
1716651642362000,1,10
1716651642442000,3,7
1716651642442000,3,7
1716651642442000,1,10
1716651642562000,3,7
1716651642562000,3,7
1716651642562000,1,10
1716651642642000,3,7
1716651642642000,3,7
1716651642642000,1,10
1716651642722000,3,7
1716651642722000,3,7
1716651642722000,1,10
1716651642762000,3,7
1716651642762000,3,7
1716651642762000,1,10
1716651642802000,3,7
1716651642802000,3,7
1716651642802000,1,10
1716651642682000,3,7
1716651642682000,3,7
1716651642682000,1,10
1716651642842000,3,7
1716651642842000,3,7
1716651642842000,1,10
1716651642922000,3,7
1716651642922000,3,7
1716651642922000,1,10
1716651643002000,3,7
1716651643002000,3,7
1716651643002000,1,10
1716651643042000,3,7
1716651643042000,3,7
1716651643042000,1,10
1716651643082000,3,7
1716651643082000,3,7
1716651643082000,1,10
1716651642962000,3,7
1716651642962000,3,7
1716651642962000,1,10
1716651643162000,3,7
1716651643162000,3,7
1716651643162000,1,10
1716651643162000,3,7
1716651643162000,1,10
1716651643162000,2,7
1716651643202000,3,7
1716651643202000,3,7
1716651643202000,1,10
1716651643202000,3,7
1716651643202000,1,10
1716651643202000,2,7
1716651643242000,3,7
1716651643242000,3,7
1716651643242000,1,10
1716651643242000,3,7
1716651643242000,1,10
1716651643242000,2,7
1716651643282000,3,7
1716651643282000,3,7
1716651643282000,1,10
1716651643282000,3,7
1716651643282000,1,10
1716651643282000,2,7
1716651643362000,3,7
1716651643362000,3,7
1716651643362000,1,10
1716651643362000,3,7
1716651643362000,1,10
1716651643362000,2,7
1716651643402000,1,10
1716651643402000,1,10
1716651643402000,2,7
1716651643442000,3,7
1716651643442000,3,7
1716651643442000,1,10
1716651643442000,3,7
1716651643442000,1,10
1716651643442000,2,7
1716651643482000,1,10
1716651643482000,1,10
1716651643482000,2,7
1716651643522000,1,10
1716651643522000,1,10
1716651643522000,2,7
1716651643602000,1,10
1716651643602000,1,10
1716651643602000,2,7
1716651643642000,1,10
1716651643642000,1,10
1716651643642000,2,7
1716651643722000,1,10
1716651643722000,1,10
1716651643722000,2,7
1716651643802000,1,10
1716651643802000,1,10
1716651643802000,2,7
1716651643882000,1,10
1716651643882000,1,10
1716651643882000,2,7
1716651643922000,1,10
1716651643922000,1,10
1716651643922000,2,7
1716651644002000,1,10
1716651644002000,1,10
1716651644002000,2,7
1716651644122000,1,10
1716651644122000,1,10
1716651644122000,2,7
1716651644202000,1,10
1716651644202000,1,10
1716651644202000,2,7
1716651644242000,1,10
1716651644242000,1,10
1716651644242000,2,7
1716651644362000,1,10
1716651644362000,1,10
1716651644362000,2,7
1716651644442000,1,10
1716651644442000,1,10
1716651644442000,2,7
1716651644482000,1,10
1716651644482000,1,10
1716651644482000,2,7
1716651644522000,1,10
1716651644522000,1,10
1716651644522000,2,7
1716651644642000,1,10
1716651644642000,1,10
1716651644642000,2,7
1716651644602000,1,10
1716651644602000,1,10
1716651644602000,2,7
1716651644762000,1,10
1716651644762000,1,10
1716651644762000,2,7
1716651644842000,1,10
1716651644842000,1,10
1716651644842000,2,7
1716651644922000,1,10
1716651644922000,1,10
1716651644922000,2,7
1716651645082000,1,10
1716651645082000,1,10
1716651645082000,2,7
1716651645162000,1,10
1716651645162000,1,10
1716651645162000,2,7
1716651645122000,1,10
1716651645122000,1,10
1716651645122000,2,7
1716651645242000,1,10
1716651645242000,1,10
1716651645242000,2,7
1716651645322000,1,10
1716651645322000,1,10
1716651645322000,2,7
1716651645402000,1,10
1716651645402000,1,10
1716651645402000,2,7
1716651645442000,1,10
1716651645442000,1,10
1716651645442000,2,7
1716651645482000,1,10
1716651645482000,1,10
1716651645482000,2,7
1716651645562000,1,10
1716651645562000,1,10
1716651645562000,2,7
1716651645602000,1,10
1716651645602000,1,10
1716651645602000,2,7
1716651645682000,1,10
1716651645682000,1,10
1716651645682000,2,7
1716651645722000,1,10
1716651645722000,1,10
1716651645722000,2,7
1716651645762000,1,10
1716651645762000,1,10
1716651645762000,2,7
1716651645842000,1,10
1716651645842000,1,10
1716651645842000,2,7
1716651645882000,1,10
1716651645882000,1,10
1716651645882000,2,7
1716651645962000,1,10
1716651645962000,1,10
1716651645962000,2,7
1716651646002000,1,10
1716651646002000,1,10
1716651646002000,2,7
1716651646042000,1,10
1716651646042000,1,10
1716651646042000,2,7
1716651645922000,1,10
1716651645922000,1,10
1716651645922000,2,7
1716651645802000,1,10
1716651645802000,1,10
1716651645802000,2,7
1716651645642000,1,10
1716651645642000,1,10
1716651645642000,2,7
1716651645522000,1,10
1716651645522000,1,10
1716651645522000,2,7
1716651645362000,1,10
1716651645362000,1,10
1716651645362000,2,7
1716651646082000,1,10
1716651646082000,1,10
1716651646082000,2,7
1716651646242000,1,10
1716651646242000,1,10
1716651646242000,2,7
1716651646362000,1,10
1716651646362000,1,10
1716651646362000,2,7
1716651646442000,1,10
1716651646442000,1,10
1716651646442000,2,7
1716651646482000,1,10
1716651646482000,1,10
1716651646482000,2,7
1716651646562000,1,10
1716651646562000,1,10
1716651646562000,2,7
1716651646642000,1,10
1716651646642000,1,10
1716651646642000,2,7
1716651646602000,1,10
1716651646602000,1,10
1716651646602000,2,7
1716651646740511,1,10
1716651646740511,1,10
1716651646740511,2,7
1716651646780511,3,9
1716651646780511,3,9
1716651646780511,1,10
1716651646780511,3,9
1716651646780511,1,10
1716651646780511,2,7
1716651646820511,3,9
1716651646820511,3,9
1716651646820511,1,10
1716651646820511,3,9
1716651646820511,1,10
1716651646820511,2,7
1716651646900511,3,9
1716651646900511,3,9
1716651646900511,1,10
1716651646900511,3,9
1716651646900511,1,10
1716651646900511,2,7
1716651646980511,3,9
1716651646980511,3,9
1716651646980511,1,10
1716651646980511,3,9
1716651646980511,1,10
1716651646980511,2,7
1716651647020511,3,9
1716651647020511,3,9
1716651647020511,1,10
1716651647020511,3,9
1716651647020511,1,10
1716651647020511,2,7
1716651647060511,3,9
1716651647060511,3,9
1716651647060511,1,10
1716651647060511,3,9
1716651647060511,1,10
1716651647060511,2,7
1716651647140511,3,9
1716651647140511,3,9
1716651647140511,1,10
1716651647140511,3,9
1716651647140511,1,10
1716651647140511,7,10
1716651647140511,3,9
1716651647140511,1,10
1716651647140511,7,10
1716651647140511,2,7
1716651647180511,3,9
1716651647180511,3,9
1716651647180511,1,10
1716651647180511,3,9
1716651647180511,1,10
1716651647180511,7,10
1716651647180511,3,9
1716651647180511,1,10
1716651647180511,7,10
1716651647180511,2,7
1716651647220511,3,9
1716651647220511,3,9
1716651647220511,1,10
1716651647220511,3,9
1716651647220511,1,10
1716651647220511,7,10
1716651647220511,3,9
1716651647220511,1,10
1716651647220511,7,10
1716651647220511,2,7
1716651647300511,3,9
1716651647300511,3,9
1716651647300511,1,10
1716651647300511,3,9
1716651647300511,1,10
1716651647300511,7,10
1716651647300511,3,9
1716651647300511,1,10
1716651647300511,7,10
1716651647300511,2,7
1716651647380511,3,9
1716651647380511,3,9
1716651647380511,1,10
1716651647380511,3,9
1716651647380511,1,10
1716651647380511,2,7
1716651647420511,3,9
1716651647420511,3,9
1716651647420511,1,10
1716651647420511,3,9
1716651647420511,1,10
1716651647420511,7,10
1716651647420511,3,9
1716651647420511,1,10
1716651647420511,7,10
1716651647420511,2,7
1716651647500511,3,9
1716651647500511,3,9
1716651647500511,1,10
1716651647500511,3,9
1716651647500511,1,10
1716651647500511,7,10
1716651647500511,3,9
1716651647500511,1,10
1716651647500511,7,10
1716651647500511,2,7
1716651647540511,3,9
1716651647540511,3,9
1716651647540511,1,10
1716651647540511,3,9
1716651647540511,1,10
1716651647540511,7,10
1716651647540511,3,9
1716651647540511,1,10
1716651647540511,7,10
1716651647540511,2,7
1716651647580511,3,9
1716651647580511,3,9
1716651647580511,1,10
1716651647580511,3,9
1716651647580511,1,10
1716651647580511,7,10
1716651647580511,3,9
1716651647580511,1,10
1716651647580511,7,10
1716651647580511,2,7
1716651647660511,3,9
1716651647660511,3,9
1716651647660511,1,10
1716651647660511,3,9
1716651647660511,1,10
1716651647660511,7,10
1716651647660511,3,9
1716651647660511,1,10
1716651647660511,7,10
1716651647660511,2,7
1716651647740511,3,9
1716651647740511,3,9
1716651647740511,1,10
1716651647740511,3,9
1716651647740511,1,10
1716651647740511,7,10
1716651647740511,3,9
1716651647740511,1,10
1716651647740511,7,10
1716651647740511,2,7
1716651647780511,3,9
1716651647780511,3,9
1716651647780511,1,10
1716651647780511,3,9
1716651647780511,1,10
1716651647780511,7,10
1716651647780511,3,9
1716651647780511,1,10
1716651647780511,7,10
1716651647780511,2,7
1716651647860511,3,9
1716651647860511,3,9
1716651647860511,1,10
1716651647860511,3,9
1716651647860511,1,10
1716651647860511,7,10
1716651647860511,3,9
1716651647860511,1,10
1716651647860511,7,10
1716651647860511,2,7
1716651647900511,3,9
1716651647900511,3,9
1716651647900511,1,10
1716651647900511,3,9
1716651647900511,1,10
1716651647900511,7,10
1716651647900511,3,9
1716651647900511,1,10
1716651647900511,7,10
1716651647900511,2,7
1716651647940511,3,9
1716651647940511,3,9
1716651647940511,1,10
1716651647940511,3,9
1716651647940511,1,10
1716651647940511,7,10
1716651647940511,3,9
1716651647940511,1,10
1716651647940511,7,10
1716651647940511,2,7
1716651647980511,3,9
1716651647980511,3,9
1716651647980511,1,10
1716651647980511,3,9
1716651647980511,1,10
1716651647980511,7,10
1716651647980511,3,9
1716651647980511,1,10
1716651647980511,7,10
1716651647980511,2,7
1716651648020511,3,9
1716651648020511,3,9
1716651648020511,1,10
1716651648020511,3,9
1716651648020511,1,10
1716651648020511,7,10
1716651648020511,3,9
1716651648020511,1,10
1716651648020511,7,10
1716651648020511,2,7
1716651647820511,3,9
1716651647820511,3,9
1716651647820511,1,10
1716651647820511,3,9
1716651647820511,1,10
1716651647820511,7,10
1716651647820511,3,9
1716651647820511,1,10
1716651647820511,7,10
1716651647820511,2,7
1716651647700511,3,9
1716651647700511,3,9
1716651647700511,1,10
1716651647700511,3,9
1716651647700511,1,10
1716651647700511,7,10
1716651647700511,3,9
1716651647700511,1,10
1716651647700511,7,10
1716651647700511,2,7
1716651647620511,3,9
1716651647620511,3,9
1716651647620511,1,10
1716651647620511,3,9
1716651647620511,1,10
1716651647620511,7,10
1716651647620511,3,9
1716651647620511,1,10
1716651647620511,7,10
1716651647620511,2,7
1716651647460511,3,9
1716651647460511,3,9
1716651647460511,1,10
1716651647460511,3,9
1716651647460511,1,10
1716651647460511,7,10
1716651647460511,3,9
1716651647460511,1,10
1716651647460511,7,10
1716651647460511,2,7
1716651647340511,3,9
1716651647340511,3,9
1716651647340511,1,10
1716651647340511,3,9
1716651647340511,1,10
1716651647340511,7,10
1716651647340511,3,9
1716651647340511,1,10
1716651647340511,7,10
1716651647340511,2,7
1716651647260511,3,9
1716651647260511,3,9
1716651647260511,1,10
1716651647260511,3,9
1716651647260511,1,10
1716651647260511,7,10
1716651647260511,3,9
1716651647260511,1,10
1716651647260511,7,10
1716651647260511,2,7
1716651647100511,3,9
1716651647100511,3,9
1716651647100511,1,10
1716651647100511,3,9
1716651647100511,1,10
1716651647100511,7,10
1716651647100511,3,9
1716651647100511,1,10
1716651647100511,7,10
1716651647100511,2,7
1716651646940511,3,9
1716651646940511,3,9
1716651646940511,1,10
1716651646940511,3,9
1716651646940511,1,10
1716651646940511,2,7
1716651649605000,3,9
1716651649605000,3,9
1716651649605000,1,10
1716651649605000,3,9
1716651649605000,1,10
1716651649605000,2,7
1716651649645000,3,9
1716651649645000,3,9
1716651649645000,1,10
1716651649645000,3,9
1716651649645000,1,10
1716651649645000,2,7
1716651649685000,3,9
1716651649685000,3,9
1716651649685000,1,10
1716651649685000,3,9
1716651649685000,1,10
1716651649685000,2,7
1716651649725000,3,9
1716651649725000,3,9
1716651649725000,1,10
1716651649725000,3,9
1716651649725000,1,10
1716651649725000,2,7
1716651649845000,3,9
1716651649845000,3,9
1716651649845000,1,10
1716651649845000,3,9
1716651649845000,1,10
1716651649845000,2,7
1716651649925000,3,9
1716651649925000,3,9
1716651649925000,1,10
1716651649925000,3,9
1716651649925000,1,10
1716651649925000,2,7
1716651649965000,3,9
1716651649965000,3,9
1716651649965000,1,10
1716651649965000,3,9
1716651649965000,1,10
1716651649965000,2,7
1716651649885000,3,9
1716651649885000,3,9
1716651649885000,1,10
1716651649885000,3,9
1716651649885000,1,10
1716651649885000,2,7
1716651649805000,3,9
1716651649805000,3,9
1716651649805000,1,10
1716651649805000,3,9
1716651649805000,1,10
1716651649805000,2,7
1716651649765000,3,9
1716651649765000,3,9
1716651649765000,1,10
1716651649765000,3,9
1716651649765000,1,10
1716651649765000,2,7
